[
  {
    "id": "vflixprime-movies",
    "name": "VFlixPrime",
    "type": "movie"
  },
  {
    "id": "vflixprime-series",
    "name": "VFlixPrime",
    "type": "series"
  },
  {
    "id": "hdhub4u",
    "name": "HDHub4u",
    "type": "movie",
    "createdAt": "2025-12-09T13:42:01.594Z"
  },
  {
    "id": "hdhub4u-",
    "name": "HdHub4u -",
    "type": "series",
    "createdAt": "2025-12-09T15:13:52.571Z"
  },
  {
    "id": "trending",
    "name": "Trending",
    "type": "movie",
    "externalMetaUrl": "https://indiastreams.rdata.in/rpdb/catalog/movie/trendingmovies.json",
    "createdAt": "2025-12-11T11:05:13.916Z"
  },
  {
    "id": "trending-",
    "name": "Trending-",
    "type": "series",
    "externalMetaUrl": "https://indiastreams.rdata.in/rpdb/catalog/series/trendingtv.json",
    "createdAt": "2025-12-11T11:05:39.966Z"
  },
  {
    "id": "netflix",
    "name": "Netflix",
    "type": "movie",
    "externalMetaUrl": "https://7a82163c306e-stremio-netflix-catalog-addon.baby-beamup.club/bmZ4LGRucCxhbXAsYXRwLGhibSxzb255bGl2LGpocyx6ZWU6dDAtZnJlZS1ycGRiOjoxNzY1NjA0MzYyOTQx/catalog/movie/nfx.json",
    "createdAt": "2025-12-13T05:42:07.849Z"
  },
  {
    "id": "netflix-",
    "name": "Netflix -",
    "type": "series",
    "externalMetaUrl": "https://7a82163c306e-stremio-netflix-catalog-addon.baby-beamup.club/bmZ4LGRucCxhbXAsYXRwLGhibSxzb255bGl2LGpocyx6ZWU6dDAtZnJlZS1ycGRiOjoxNzY1NjA0MzYyOTQx/catalog/series/amp.json",
    "createdAt": "2025-12-13T05:42:20.451Z",
    "updatedAt": "2025-12-13T05:48:53.537Z"
  },
  {
    "id": "amazon-prime",
    "name": "Amazon Prime",
    "type": "movie",
    "externalMetaUrl": "https://7a82163c306e-stremio-netflix-catalog-addon.baby-beamup.club/bmZ4LGRucCxhbXAsYXRwLGhibSxzb255bGl2LGpocyx6ZWU6dDAtZnJlZS1ycGRiOjoxNzY1NjA0MzYyOTQx/catalog/movie/amp.json",
    "createdAt": "2025-12-13T05:42:41.972Z"
  },
  {
    "id": "amazon-prime-",
    "name": "Amazon Prime -",
    "type": "series",
    "externalMetaUrl": "https://7a82163c306e-stremio-netflix-catalog-addon.baby-beamup.club/bmZ4LGRucCxhbXAsYXRwLGhibSxzb255bGl2LGpocyx6ZWU6dDAtZnJlZS1ycGRiOjoxNzY1NjA0MzYyOTQx/catalog/series/amp.json",
    "createdAt": "2025-12-13T05:42:50.601Z"
  },
  {
    "id": "hbo-max",
    "name": "HBO MAX",
    "type": "movie",
    "externalMetaUrl": "https://7a82163c306e-stremio-netflix-catalog-addon.baby-beamup.club/bmZ4LGRucCxhbXAsYXRwLGhibSxzb255bGl2LGpocyx6ZWU6dDAtZnJlZS1ycGRiOjoxNzY1NjA0MzYyOTQx/catalog/movie/hbm.json",
    "createdAt": "2025-12-13T05:43:45.211Z"
  },
  {
    "id": "hbo-max-",
    "name": "HBO MAX -",
    "type": "series",
    "externalMetaUrl": "https://7a82163c306e-stremio-netflix-catalog-addon.baby-beamup.club/bmZ4LGRucCxhbXAsYXRwLGhibSxzb255bGl2LGpocyx6ZWU6dDAtZnJlZS1ycGRiOjoxNzY1NjA0MzYyOTQx/catalog/series/hbm.json",
    "createdAt": "2025-12-13T05:43:56.589Z"
  },
  {
    "id": "disney-",
    "name": "Disney Plus",
    "type": "movie",
    "externalMetaUrl": "https://7a82163c306e-stremio-netflix-catalog-addon.baby-beamup.club/bmZ4LGRucCxhbXAsYXRwLGhibSxzb255bGl2LGpocyx6ZWU6dDAtZnJlZS1ycGRiOjoxNzY1NjA0MzYyOTQx/catalog/movie/hbm.json",
    "createdAt": "2025-12-13T05:44:27.370Z",
    "updatedAt": "2025-12-13T07:53:46.307Z"
  },
  {
    "id": "disney-plus",
    "name": "Disney Plus -",
    "type": "series",
    "externalMetaUrl": "https://7a82163c306e-stremio-netflix-catalog-addon.baby-beamup.club/bmZ4LGRucCxhbXAsYXRwLGhibSxzb255bGl2LGpocyx6ZWU6dDAtZnJlZS1ycGRiOjoxNzY1NjA0MzYyOTQx/catalog/series/dnp.json",
    "createdAt": "2025-12-13T05:46:12.608Z",
    "updatedAt": "2025-12-13T05:50:14.033Z"
  },
  {
    "id": "apple-tv",
    "name": "Apple TV",
    "type": "movie",
    "externalMetaUrl": "https://7a82163c306e-stremio-netflix-catalog-addon.baby-beamup.club/bmZ4LGRucCxhbXAsYXRwLGhibSxzb255bGl2LGpocyx6ZWU6dDAtZnJlZS1ycGRiOjoxNzY1NjA0MzYyOTQx/catalog/movie/atp.json",
    "createdAt": "2025-12-13T05:46:34.210Z"
  },
  {
    "id": "apple-tv-",
    "name": "Apple TV -",
    "type": "series",
    "externalMetaUrl": "https://7a82163c306e-stremio-netflix-catalog-addon.baby-beamup.club/bmZ4LGRucCxhbXAsYXRwLGhibSxzb255bGl2LGpocyx6ZWU6dDAtZnJlZS1ycGRiOjoxNzY1NjA0MzYyOTQx/catalog/series/atp.json",
    "createdAt": "2025-12-13T05:46:44.518Z"
  },
  {
    "id": "jiohotstar",
    "name": "JioHotstar",
    "type": "movie",
    "externalMetaUrl": "https://7a82163c306e-stremio-netflix-catalog-addon.baby-beamup.club/bmZ4LGRucCxhbXAsYXRwLGhibSxzb255bGl2LGpocyx6ZWU6dDAtZnJlZS1ycGRiOjoxNzY1NjA0MzYyOTQx/catalog/movie/jhs.json",
    "createdAt": "2025-12-13T05:47:06.078Z"
  },
  {
    "id": "jiohotstar-",
    "name": "JioHotstar -",
    "type": "series",
    "externalMetaUrl": "https://7a82163c306e-stremio-netflix-catalog-addon.baby-beamup.club/bmZ4LGRucCxhbXAsYXRwLGhibSxzb255bGl2LGpocyx6ZWU6dDAtZnJlZS1ycGRiOjoxNzY1NjA0MzYyOTQx/catalog/series/jhs.json",
    "createdAt": "2025-12-13T05:47:16.370Z"
  },
  {
    "id": "zee",
    "name": "Zee",
    "type": "movie",
    "externalMetaUrl": "https://7a82163c306e-stremio-netflix-catalog-addon.baby-beamup.club/bmZ4LGRucCxhbXAsYXRwLGhibSxzb255bGl2LGpocyx6ZWU6dDAtZnJlZS1ycGRiOjoxNzY1NjA0MzYyOTQx/catalog/movie/zee.json",
    "createdAt": "2025-12-13T05:47:27.979Z"
  },
  {
    "id": "zee-",
    "name": "Zee -",
    "type": "series",
    "externalMetaUrl": "https://7a82163c306e-stremio-netflix-catalog-addon.baby-beamup.club/bmZ4LGRucCxhbXAsYXRwLGhibSxzb255bGl2LGpocyx6ZWU6dDAtZnJlZS1ycGRiOjoxNzY1NjA0MzYyOTQx/catalog/series/zee.json",
    "createdAt": "2025-12-13T05:47:39.803Z"
  },
  {
    "id": "sonyliv",
    "name": "Sonyliv",
    "type": "movie",
    "externalMetaUrl": "https://7a82163c306e-stremio-netflix-catalog-addon.baby-beamup.club/bmZ4LGRucCxhbXAsYXRwLGhibSxzb255bGl2LGpocyx6ZWU6dDAtZnJlZS1ycGRiOjoxNzY1NjA0MzYyOTQx/catalog/movie/sonyliv.json",
    "createdAt": "2025-12-13T05:47:53.346Z"
  },
  {
    "id": "sonyliv-",
    "name": "Sonyliv -",
    "type": "series",
    "externalMetaUrl": "https://7a82163c306e-stremio-netflix-catalog-addon.baby-beamup.club/bmZ4LGRucCxhbXAsYXRwLGhibSxzb255bGl2LGpocyx6ZWU6dDAtZnJlZS1ycGRiOjoxNzY1NjA0MzYyOTQx/catalog/series/sonyliv.json",
    "createdAt": "2025-12-13T05:48:02.834Z"
  }
]