[
  {
    "id": "vflixprime-movies",
    "name": "VFlixPrime",
    "type": "movie"
  },
  {
    "id": "vflixprime-series",
    "name": "VFlixPrime",
    "type": "series"
  },
  {
    "id": "netflix",
    "name": "Netflix",
    "type": "movie",
    "createdAt": "2025-12-09T12:55:21.760Z"
  },
  {
    "id": "hdhub4u",
    "name": "HDHub4u",
    "type": "movie",
    "createdAt": "2025-12-09T13:42:01.594Z"
  },
  {
    "id": "hdhub4u-",
    "name": "HdHub4u -",
    "type": "series",
    "createdAt": "2025-12-09T15:13:52.571Z"
  }
]