[
  {
    "id": "1765448655117",
    "name": "nuviostreams",
    "movieUrl": "https://nuviostreams.hayd.uk/stream/movie/{{id}}.json",
    "seriesUrl": "https://nuviostreams.hayd.uk/stream/series/{{id}}:{{season}}:{{episode}}.json",
    "enabled": true,
    "createdAt": "2025-12-11T10:24:15.117Z",
    "updatedAt": "2025-12-28T07:19:28.390Z",
    "timeout": "20000",
    "priority": "10"
  },
  {
    "id": "1765449081790",
    "name": "sooti",
    "movieUrl": "https://sooti.info/%7B%22DebridServices%22%3A%5B%7B%22provider%22%3A%22httpstreaming%22%2C%22http4khdhub%22%3Atrue%2C%22httpHDHub4u%22%3Atrue%2C%22httpUHDMovies%22%3Atrue%2C%22httpMoviesDrive%22%3Atrue%2C%22httpMKVCinemas%22%3Atrue%7D%5D%2C%22Languages%22%3A%5B%5D%2C%22Scrapers%22%3A%5B%5D%2C%22IndexerScrapers%22%3A%5B%22stremthru%22%5D%2C%22minSize%22%3A0%2C%22maxSize%22%3A200%2C%22ShowCatalog%22%3Atrue%2C%22DebridProvider%22%3A%22httpstreaming%22%7D/stream/movie/{{id}}.json",
    "seriesUrl": "https://sooti.info/%7B%22DebridServices%22%3A%5B%7B%22provider%22%3A%22httpstreaming%22%2C%22http4khdhub%22%3Atrue%2C%22httpHDHub4u%22%3Atrue%2C%22httpUHDMovies%22%3Atrue%2C%22httpMoviesDrive%22%3Atrue%2C%22httpMKVCinemas%22%3Atrue%7D%5D%2C%22Languages%22%3A%5B%5D%2C%22Scrapers%22%3A%5B%5D%2C%22IndexerScrapers%22%3A%5B%22stremthru%22%5D%2C%22minSize%22%3A0%2C%22maxSize%22%3A200%2C%22ShowCatalog%22%3Atrue%2C%22DebridProvider%22%3A%22httpstreaming%22%7D/stream/series/{{id}}:{{season}}:{{episode}}.json",
    "enabled": false,
    "createdAt": "2025-12-11T10:31:21.790Z",
    "timeout": "20000",
    "priority": "10",
    "updatedAt": "2025-12-28T15:12:20.678Z"
  },
  {
    "id": "1765449264174",
    "name": "webstreamr",
    "movieUrl": "https://webstreamr.hayd.uk/stream/movie/{{id}}.json",
    "seriesUrl": "https://webstreamr.hayd.uk/stream/series/{{id}}:{{season}}:{{episode}}.json",
    "enabled": true,
    "createdAt": "2025-12-11T10:34:24.174Z",
    "timeout": "20000",
    "priority": "10",
    "updatedAt": "2025-12-28T07:19:51.383Z"
  },
  {
    "id": "1765468262218",
    "name": "vidzee",
    "movieUrl": "https://vidzee.vflix.life/movie/{{id}}.json",
    "seriesUrl": "https://vidzee.vflix.life/series/{{id}}:{{season}}:{{episode}}.json",
    "enabled": true,
    "createdAt": "2025-12-11T15:51:02.218Z",
    "timeout": "20000",
    "priority": "3",
    "updatedAt": "2025-12-28T07:18:29.990Z"
  },
  {
    "id": "1765819981434",
    "name": "IOSMIRROR - Prime",
    "movieUrl": "http://fetch.vflix.life/prime/stream/movie/{{id}}.json",
    "seriesUrl": "https://fetch.vflix.life/prime/stream/series/{{id}}:{{season}}:{{episode}}.json",
    "timeout": "20000",
    "priority": "4",
    "enabled": true,
    "createdAt": "2025-12-15T17:33:01.434Z",
    "updatedAt": "2025-12-28T07:18:41.961Z"
  },
  {
    "id": "1765819999437",
    "name": "IOSMIRROR - Netflix",
    "movieUrl": "https://fetch.vflix.life/netflix/stream/movie/{{id}}.json",
    "seriesUrl": "https://fetch.vflix.life/netflix/stream/series/{{id}}:{{season}}:{{episode}}.json",
    "timeout": "20000",
    "priority": "4",
    "enabled": true,
    "createdAt": "2025-12-15T17:33:19.437Z",
    "updatedAt": "2025-12-28T07:18:55.029Z"
  },
  {
    "id": "1765956562743",
    "name": "HashHacker",
    "movieUrl": "https://hashhacker.vflix.life/stream/movie/{{id}}.json",
    "seriesUrl": "https://hashhacker.vflix.life/stream/series/{{id}}:{{season}}:{{episode}}.json",
    "timeout": "15000",
    "priority": "15",
    "enabled": false,
    "createdAt": "2025-12-17T07:29:22.743Z",
    "updatedAt": "2025-12-18T14:35:36.201Z"
  },
  {
    "id": "1766763246069",
    "name": "XDM",
    "movieUrl": "https://xdmovies-stremio.hdmovielover.workers.dev/movie?imdbid={{id}}",
    "seriesUrl": "https://xdmovies-stremio.hdmovielover.workers.dev/series?imdbid={{id}}&s={{season}}&e={{episode}}",
    "timeout": 20000,
    "priority": 2,
    "enabled": true,
    "createdAt": "2025-12-26T15:34:06.069Z"
  },
  {
    "id": "1767335772822",
    "name": "vega",
    "movieUrl": "https://vega.vflix.life/stream/movie/{{id}}.json",
    "seriesUrl": "https://vega.vflix.life/stream/series/{{id}}:{{season}}:{{episode}}.json",
    "timeout": "10000",
    "priority": "5",
    "enabled": true,
    "createdAt": "2026-01-02T06:36:12.822Z",
    "updatedAt": "2026-01-02T09:29:47.045Z"
  },
  {
    "id": "1767441434010",
    "name": "hicine",
    "movieUrl": "https://hicine.vflix.life/stremio/stream/movie/{{id}}.json",
    "seriesUrl": "https://hicine.vflix.life/stremio/stream/series/{{id}}:{{season}}:{{episode}}.json",
    "timeout": "10000",
    "priority": "1",
    "enabled": true,
    "createdAt": "2026-01-03T11:57:14.010Z",
    "updatedAt": "2026-01-03T11:58:43.643Z"
  },
  {
    "id": "1767444815958",
    "name": "rogflix",
    "movieUrl": "https://rogflix.vflix.life/stremio/stream/movie/{{id}}.json",
    "seriesUrl": "https://rogflix.vflix.life/stremio/stream/series/{{id}}:{{season}}:{{episode}}.json",
    "timeout": "10000",
    "priority": "11",
    "enabled": true,
    "createdAt": "2026-01-03T12:53:35.958Z",
    "updatedAt": "2026-01-04T03:38:21.697Z"
  }
]